"tsn","ts_afs_name","ts_scientific_name","region_name","state_name","year","pounds","dollars","tot_count","source","collection"
"167680","BASS, STRIPED","Morone saxatilis","Middle Atlantic","MARYLAND",2000,56360,95853,NA,"ACCSPHIST","Commercial"
"167680","BASS, STRIPED","Morone saxatilis","Middle Atlantic","MARYLAND",1972,616500,170720,NA,"ACCSPHIST","Commercial"
"167680","BASS, STRIPED","Morone saxatilis","Middle Atlantic","MARYLAND",1973,835100,257504,NA,"ACCSPHIST","Commercial"
"167680","BASS, STRIPED","Morone saxatilis","Middle Atlantic","MARYLAND",1974,613600,133662,NA,"ACCSPHIST","Commercial"
"167680","BASS, STRIPED","Morone saxatilis","Middle Atlantic","MARYLAND",1975,36900,15210,NA,"ACCSPHIST","Commercial"
"167680","BASS, STRIPED","Morone saxatilis","Middle Atlantic","MARYLAND",1976,44900,26887,NA,"ACCSPHIST","Commercial"
"167680","BASS, STRIPED","Morone saxatilis","Middle Atlantic","MARYLAND",1977,10200,6460,NA,"ACCSPHIST","Commercial"
"167680","BASS, STRIPED","Morone saxatilis","Middle Atlantic","MARYLAND",1978,30200,33926,NA,"ACCSPHIST","Commercial"
"167680","BASS, STRIPED","Morone saxatilis","Middle Atlantic","MARYLAND",1979,21900,29255,NA,"ACCSPHIST","Commercial"
"167680","BASS, STRIPED","Morone saxatilis","Middle Atlantic","MARYLAND",1984,10800,27371,NA,"ACCSPHIST","Commercial"
"167680","BASS, STRIPED","Morone saxatilis","Middle Atlantic","MARYLAND",1990,40390,44365,NA,"ACCSPHIST","Commercial"
"167680","BASS, STRIPED","Morone saxatilis","Middle Atlantic","MARYLAND",1991,80252,154248,NA,"ACCSPHIST","Commercial"
"167680","BASS, STRIPED","Morone saxatilis","Middle Atlantic","MARYLAND",1992,272142,430468,NA,"ACCSPHIST","Commercial"
"167680","BASS, STRIPED","Morone saxatilis","Middle Atlantic","MARYLAND",1993,423196,665653,NA,"ACCSPHIST","Commercial"
"167680","BASS, STRIPED","Morone saxatilis","Middle Atlantic","MARYLAND",1994,463600,826987,NA,"ACCSPHIST","Commercial"
"167680","BASS, STRIPED","Morone saxatilis","Middle Atlantic","MARYLAND",1995,18283,30098,NA,"ACCSPHIST","Commercial"
"167680","BASS, STRIPED","Morone saxatilis","Middle Atlantic","MARYLAND",1996,7601,12923,NA,"ACCSPHIST","Commercial"
"167680","BASS, STRIPED","Morone saxatilis","Middle Atlantic","MARYLAND",1997,19800,20470,NA,"ACCSPHIST","Commercial"
"167680","BASS, STRIPED","Morone saxatilis","Middle Atlantic","MARYLAND",1998,30941,30941,NA,"ACCSPHIST","Commercial"
"167680","BASS, STRIPED","Morone saxatilis","Middle Atlantic","MARYLAND",1999,37553,47959,NA,"ACCSPHIST","Commercial"
"167680","BASS, STRIPED","Morone saxatilis","Middle Atlantic","MARYLAND",2001,43367,73765,NA,"ACCSPHIST","Commercial"
"167680","BASS, STRIPED","Morone saxatilis","Middle Atlantic","MARYLAND",2002,39143,66586,NA,"ACCSPHIST","Commercial"
"167680","BASS, STRIPED","Morone saxatilis","Middle Atlantic","MARYLAND",2003,32737,55687,NA,"ACCSPHIST","Commercial"
"167680","BASS, STRIPED","Morone saxatilis","Middle Atlantic","NEW YORK",1998,123,218,NA,"ACCSPHIST","Commercial"
"167680","BASS, STRIPED","Morone saxatilis","Middle Atlantic","NEW YORK",1999,228,603,NA,"ACCSPHIST","Commercial"
"167680","BASS, STRIPED","Morone saxatilis","Middle Atlantic","VIRGINIA",2000,54058,91942,NA,"ACCSPHIST","Commercial"
"167680","BASS, STRIPED","Morone saxatilis","Middle Atlantic","VIRGINIA",1990,40743,42182,NA,"ACCSPHIST","Commercial"
"167680","BASS, STRIPED","Morone saxatilis","Middle Atlantic","VIRGINIA",1991,7188,10328,NA,"ACCSPHIST","Commercial"
"167680","BASS, STRIPED","Morone saxatilis","Middle Atlantic","VIRGINIA",1992,27879,31152,NA,"ACCSPHIST","Commercial"
"167680","BASS, STRIPED","Morone saxatilis","Middle Atlantic","VIRGINIA",1994,12175,20710,NA,"ACCSPHIST","Commercial"
"167680","BASS, STRIPED","Morone saxatilis","Middle Atlantic","VIRGINIA",1995,18109,30796,NA,"ACCSPHIST","Commercial"
"167680","BASS, STRIPED","Morone saxatilis","Middle Atlantic","VIRGINIA",1996,32436,55158,NA,"ACCSPHIST","Commercial"
"167680","BASS, STRIPED","Morone saxatilis","Middle Atlantic","VIRGINIA",1997,20160,21130,NA,"ACCSPHIST","Commercial"
"167680","BASS, STRIPED","Morone saxatilis","Middle Atlantic","VIRGINIA",1998,33408,33408,NA,"ACCSPHIST","Commercial"
"167680","BASS, STRIPED","Morone saxatilis","Middle Atlantic","VIRGINIA",1999,60565,70052,NA,"ACCSPHIST","Commercial"
"167680","BASS, STRIPED","Morone saxatilis","Middle Atlantic","VIRGINIA",2001,50751,86333,NA,"ACCSPHIST","Commercial"
"167680","BASS, STRIPED","Morone saxatilis","Middle Atlantic","VIRGINIA",2002,59258,100778,NA,"ACCSPHIST","Commercial"
"167680","BASS, STRIPED","Morone saxatilis","Middle Atlantic","VIRGINIA",2003,33131,56352,NA,"ACCSPHIST","Commercial"
"167680","BASS, STRIPED","Morone saxatilis","Middle Atlantic","MARYLAND",1972,756900,218632,NA,"ACCSPHIST","Commercial"
"167680","BASS, STRIPED","Morone saxatilis","Middle Atlantic","MARYLAND",1973,1864600,598609,NA,"ACCSPHIST","Commercial"
"167680","BASS, STRIPED","Morone saxatilis","Middle Atlantic","MARYLAND",1974,466600,114702,NA,"ACCSPHIST","Commercial"
"167680","BASS, STRIPED","Morone saxatilis","Middle Atlantic","MARYLAND",1975,9800,3706,NA,"ACCSPHIST","Commercial"
"167680","BASS, STRIPED","Morone saxatilis","Middle Atlantic","MARYLAND",1976,9100,5146,NA,"ACCSPHIST","Commercial"
"167680","BASS, STRIPED","Morone saxatilis","Middle Atlantic","MARYLAND",1977,12000,6694,NA,"ACCSPHIST","Commercial"
"167680","BASS, STRIPED","Morone saxatilis","Middle Atlantic","MARYLAND",1978,12800,13821,NA,"ACCSPHIST","Commercial"
"167680","BASS, STRIPED","Morone saxatilis","Middle Atlantic","MARYLAND",1979,13000,17270,NA,"ACCSPHIST","Commercial"
"167680","BASS, STRIPED","Morone saxatilis","Middle Atlantic","MARYLAND",1991,1254,2920,NA,"ACCSPHIST","Commercial"
"167680","BASS, STRIPED","Morone saxatilis","Middle Atlantic","MARYLAND",1992,19562,37465,NA,"ACCSPHIST","Commercial"
"167680","BASS, STRIPED","Morone saxatilis","Middle Atlantic","MARYLAND",1993,44285,143115,NA,"ACCSPHIST","Commercial"
"167680","BASS, STRIPED","Morone saxatilis","Middle Atlantic","MARYLAND",1994,116497,186347,NA,"ACCSPHIST","Commercial"
"167680","BASS, STRIPED","Morone saxatilis","Middle Atlantic","MARYLAND",1995,386,195,NA,"ACCSPHIST","Commercial"
"167680","BASS, STRIPED","Morone saxatilis","Middle Atlantic","NEW YORK",1998,3,4,NA,"ACCSPHIST","Commercial"
"167680","BASS, STRIPED","Morone saxatilis","Middle Atlantic","NEW YORK",1999,249,695,NA,"ACCSPHIST","Commercial"
"167680","BASS, STRIPED","Morone saxatilis","Middle Atlantic","DELAWARE",2000,145111,245230,NA,"ACCSPHIST","Commercial"
"167680","BASS, STRIPED","Morone saxatilis","Middle Atlantic","DELAWARE",1950,271200,65144,NA,"ACCSPHIST","Commercial"
"167680","BASS, STRIPED","Morone saxatilis","Middle Atlantic","DELAWARE",1951,214800,52712,NA,"ACCSPHIST","Commercial"
"167680","BASS, STRIPED","Morone saxatilis","Middle Atlantic","DELAWARE",1952,119900,31919,NA,"ACCSPHIST","Commercial"
"167680","BASS, STRIPED","Morone saxatilis","Middle Atlantic","DELAWARE",1953,106200,33594,NA,"ACCSPHIST","Commercial"
"167680","BASS, STRIPED","Morone saxatilis","Middle Atlantic","DELAWARE",1954,145900,24934,NA,"ACCSPHIST","Commercial"
"167680","BASS, STRIPED","Morone saxatilis","Middle Atlantic","DELAWARE",1955,87700,24340,NA,"ACCSPHIST","Commercial"
"167680","BASS, STRIPED","Morone saxatilis","Middle Atlantic","DELAWARE",1956,28400,6548,NA,"ACCSPHIST","Commercial"
"167680","BASS, STRIPED","Morone saxatilis","Middle Atlantic","DELAWARE",1957,15600,3911,NA,"ACCSPHIST","Commercial"
"167680","BASS, STRIPED","Morone saxatilis","Middle Atlantic","DELAWARE",1958,21900,5473,NA,"ACCSPHIST","Commercial"
"167680","BASS, STRIPED","Morone saxatilis","Middle Atlantic","DELAWARE",1959,11800,2640,NA,"ACCSPHIST","Commercial"
"167680","BASS, STRIPED","Morone saxatilis","Middle Atlantic","DELAWARE",1960,25300,5060,NA,"ACCSPHIST","Commercial"
"167680","BASS, STRIPED","Morone saxatilis","Middle Atlantic","DELAWARE",1961,66000,11514,NA,"ACCSPHIST","Commercial"
"167680","BASS, STRIPED","Morone saxatilis","Middle Atlantic","DELAWARE",1962,108500,11211,NA,"ACCSPHIST","Commercial"
"167680","BASS, STRIPED","Morone saxatilis","Middle Atlantic","DELAWARE",1963,47700,8967,NA,"ACCSPHIST","Commercial"
"167680","BASS, STRIPED","Morone saxatilis","Middle Atlantic","DELAWARE",1964,31000,5954,NA,"ACCSPHIST","Commercial"
"167680","BASS, STRIPED","Morone saxatilis","Middle Atlantic","DELAWARE",1965,32200,3948,NA,"ACCSPHIST","Commercial"
"167680","BASS, STRIPED","Morone saxatilis","Middle Atlantic","DELAWARE",1966,63800,12890,NA,"ACCSPHIST","Commercial"
"167680","BASS, STRIPED","Morone saxatilis","Middle Atlantic","DELAWARE",1967,66500,11485,NA,"ACCSPHIST","Commercial"
"167680","BASS, STRIPED","Morone saxatilis","Middle Atlantic","DELAWARE",1968,48700,10080,NA,"ACCSPHIST","Commercial"
"167680","BASS, STRIPED","Morone saxatilis","Middle Atlantic","DELAWARE",1969,41700,8042,NA,"ACCSPHIST","Commercial"
"167680","BASS, STRIPED","Morone saxatilis","Middle Atlantic","DELAWARE",1970,54100,11778,NA,"ACCSPHIST","Commercial"
"167680","BASS, STRIPED","Morone saxatilis","Middle Atlantic","DELAWARE",1971,38800,8978,NA,"ACCSPHIST","Commercial"
"167680","BASS, STRIPED","Morone saxatilis","Middle Atlantic","DELAWARE",1972,248300,67457,NA,"ACCSPHIST","Commercial"
"167680","BASS, STRIPED","Morone saxatilis","Middle Atlantic","DELAWARE",1973,586100,155249,NA,"ACCSPHIST","Commercial"
"167680","BASS, STRIPED","Morone saxatilis","Middle Atlantic","DELAWARE",1974,212400,65136,NA,"ACCSPHIST","Commercial"
"167680","BASS, STRIPED","Morone saxatilis","Middle Atlantic","DELAWARE",1975,106300,43213,NA,"ACCSPHIST","Commercial"
"167680","BASS, STRIPED","Morone saxatilis","Middle Atlantic","DELAWARE",1976,80600,56069,NA,"ACCSPHIST","Commercial"
"167680","BASS, STRIPED","Morone saxatilis","Middle Atlantic","DELAWARE",1977,57100,41412,NA,"ACCSPHIST","Commercial"
"167680","BASS, STRIPED","Morone saxatilis","Middle Atlantic","DELAWARE",1978,37600,37457,NA,"ACCSPHIST","Commercial"
"167680","BASS, STRIPED","Morone saxatilis","Middle Atlantic","DELAWARE",1979,26300,29792,NA,"ACCSPHIST","Commercial"
"167680","BASS, STRIPED","Morone saxatilis","Middle Atlantic","DELAWARE",1980,16800,15451,NA,"ACCSPHIST","Commercial"
"167680","BASS, STRIPED","Morone saxatilis","Middle Atlantic","DELAWARE",1981,23100,19635,NA,"ACCSPHIST","Commercial"
"167680","BASS, STRIPED","Morone saxatilis","Middle Atlantic","DELAWARE",1982,25700,28373,NA,"ACCSPHIST","Commercial"
"167680","BASS, STRIPED","Morone saxatilis","Middle Atlantic","DELAWARE",1983,6800,9415,NA,"ACCSPHIST","Commercial"
"167680","BASS, STRIPED","Morone saxatilis","Middle Atlantic","DELAWARE",1984,37000,74000,NA,"ACCSPHIST","Commercial"
"167680","BASS, STRIPED","Morone saxatilis","Middle Atlantic","DELAWARE",1991,15100,22425,NA,"ACCSPHIST","Commercial"
"167680","BASS, STRIPED","Morone saxatilis","Middle Atlantic","DELAWARE",1992,25200,21018,NA,"ACCSPHIST","Commercial"
"167680","BASS, STRIPED","Morone saxatilis","Middle Atlantic","DELAWARE",1993,15600,23400,NA,"ACCSPHIST","Commercial"
"167680","BASS, STRIPED","Morone saxatilis","Middle Atlantic","DELAWARE",1994,33900,50846,NA,"ACCSPHIST","Commercial"
"167680","BASS, STRIPED","Morone saxatilis","Middle Atlantic","DELAWARE",1995,38100,72045,NA,"ACCSPHIST","Commercial"
"167680","BASS, STRIPED","Morone saxatilis","Middle Atlantic","DELAWARE",1997,165998,241370,NA,"ACCSPHIST","Commercial"
"167680","BASS, STRIPED","Morone saxatilis","Middle Atlantic","DELAWARE",1998,163176,244807,NA,"ACCSPHIST","Commercial"
"167680","BASS, STRIPED","Morone saxatilis","Middle Atlantic","DELAWARE",1999,176307,270616,NA,"ACCSPHIST","Commercial"
"167680","BASS, STRIPED","Morone saxatilis","Middle Atlantic","DELAWARE",2001,198618,364836,NA,"ACCSPHIST","Commercial"
"167680","BASS, STRIPED","Morone saxatilis","Middle Atlantic","DELAWARE",2002,146157,336045,NA,"ACCSPHIST","Commercial"
"167680","BASS, STRIPED","Morone saxatilis","Middle Atlantic","DELAWARE",2003,191194,478607,NA,"ACCSPHIST","Commercial"
"167680","BASS, STRIPED","Morone saxatilis","Middle Atlantic","DELAWARE",2004,175584,494203,NA,"ACCSPHIST","Commercial"
"167680","BASS, STRIPED","Morone saxatilis","Middle Atlantic","DELAWARE",2005,127351,362147,NA,"ACCSPHIST","Commercial"
"167680","BASS, STRIPED","Morone saxatilis","Middle Atlantic","DELAWARE",2006,136796,380307,NA,"ACCSPHIST","Commercial"
"167680","BASS, STRIPED","Morone saxatilis","Middle Atlantic","MARYLAND",2000,2567481,3981622,NA,"ACCSPHIST","Commercial"
"167680","BASS, STRIPED","Morone saxatilis","Middle Atlantic","MARYLAND",1950,3037700,578155,NA,"ACCSPHIST","Commercial"
"167680","BASS, STRIPED","Morone saxatilis","Middle Atlantic","MARYLAND",1951,2336000,585714,NA,"ACCSPHIST","Commercial"
"167680","BASS, STRIPED","Morone saxatilis","Middle Atlantic","MARYLAND",1952,2171500,535561,NA,"ACCSPHIST","Commercial"
"167680","BASS, STRIPED","Morone saxatilis","Middle Atlantic","MARYLAND",1953,2303300,554555,NA,"ACCSPHIST","Commercial"
"167680","BASS, STRIPED","Morone saxatilis","Middle Atlantic","MARYLAND",1954,2107700,524398,NA,"ACCSPHIST","Commercial"
"167680","BASS, STRIPED","Morone saxatilis","Middle Atlantic","MARYLAND",1955,2572300,642998,NA,"ACCSPHIST","Commercial"
"167680","BASS, STRIPED","Morone saxatilis","Middle Atlantic","MARYLAND",1956,2150100,542262,NA,"ACCSPHIST","Commercial"
"167680","BASS, STRIPED","Morone saxatilis","Middle Atlantic","MARYLAND",1957,1859000,458508,NA,"ACCSPHIST","Commercial"
"167680","BASS, STRIPED","Morone saxatilis","Middle Atlantic","MARYLAND",1958,3105000,716386,NA,"ACCSPHIST","Commercial"
"167680","BASS, STRIPED","Morone saxatilis","Middle Atlantic","MARYLAND",1959,4349000,744158,NA,"ACCSPHIST","Commercial"
"167680","BASS, STRIPED","Morone saxatilis","Middle Atlantic","MARYLAND",1960,4408700,674849,NA,"ACCSPHIST","Commercial"
"167680","BASS, STRIPED","Morone saxatilis","Middle Atlantic","MARYLAND",1961,5407700,612076,NA,"ACCSPHIST","Commercial"
"167680","BASS, STRIPED","Morone saxatilis","Middle Atlantic","MARYLAND",1962,3978900,641760,NA,"ACCSPHIST","Commercial"
"167680","BASS, STRIPED","Morone saxatilis","Middle Atlantic","MARYLAND",1963,3749000,533784,NA,"ACCSPHIST","Commercial"
"167680","BASS, STRIPED","Morone saxatilis","Middle Atlantic","MARYLAND",1964,3299800,537593,NA,"ACCSPHIST","Commercial"
"167680","BASS, STRIPED","Morone saxatilis","Middle Atlantic","MARYLAND",1965,2949200,541866,NA,"ACCSPHIST","Commercial"
"167680","BASS, STRIPED","Morone saxatilis","Middle Atlantic","MARYLAND",1966,3346900,604128,NA,"ACCSPHIST","Commercial"
"167680","BASS, STRIPED","Morone saxatilis","Middle Atlantic","MARYLAND",1967,4150200,675161,NA,"ACCSPHIST","Commercial"
"167680","BASS, STRIPED","Morone saxatilis","Middle Atlantic","MARYLAND",1968,4532000,921832,NA,"ACCSPHIST","Commercial"
"167680","BASS, STRIPED","Morone saxatilis","Middle Atlantic","MARYLAND",1969,5088200,909746,NA,"ACCSPHIST","Commercial"
"167680","BASS, STRIPED","Morone saxatilis","Middle Atlantic","MARYLAND",1970,3977500,869782,NA,"ACCSPHIST","Commercial"
"167680","BASS, STRIPED","Morone saxatilis","Middle Atlantic","MARYLAND",1971,2743000,861892,NA,"ACCSPHIST","Commercial"
"167680","BASS, STRIPED","Morone saxatilis","Middle Atlantic","MARYLAND",1972,1470400,434031,NA,"ACCSPHIST","Commercial"
"167680","BASS, STRIPED","Morone saxatilis","Middle Atlantic","MARYLAND",1973,1836300,561897,NA,"ACCSPHIST","Commercial"
"167680","BASS, STRIPED","Morone saxatilis","Middle Atlantic","MARYLAND",1974,2049700,587967,NA,"ACCSPHIST","Commercial"
"167680","BASS, STRIPED","Morone saxatilis","Middle Atlantic","MARYLAND",1975,2798400,1109551,NA,"ACCSPHIST","Commercial"
"167680","BASS, STRIPED","Morone saxatilis","Middle Atlantic","MARYLAND",1976,1754000,969701,NA,"ACCSPHIST","Commercial"
"167680","BASS, STRIPED","Morone saxatilis","Middle Atlantic","MARYLAND",1977,1716300,1027650,NA,"ACCSPHIST","Commercial"
"167680","BASS, STRIPED","Morone saxatilis","Middle Atlantic","MARYLAND",1978,1177200,1280959,NA,"ACCSPHIST","Commercial"
"167680","BASS, STRIPED","Morone saxatilis","Middle Atlantic","MARYLAND",1979,898000,1006512,NA,"ACCSPHIST","Commercial"
"167680","BASS, STRIPED","Morone saxatilis","Middle Atlantic","MARYLAND",1980,2100800,1824235,NA,"ACCSPHIST","Commercial"
"167680","BASS, STRIPED","Morone saxatilis","Middle Atlantic","MARYLAND",1981,1640800,1651141,NA,"ACCSPHIST","Commercial"
"167680","BASS, STRIPED","Morone saxatilis","Middle Atlantic","MARYLAND",1982,517100,857687,NA,"ACCSPHIST","Commercial"
"167680","BASS, STRIPED","Morone saxatilis","Middle Atlantic","MARYLAND",1983,425600,806281,NA,"ACCSPHIST","Commercial"
"167680","BASS, STRIPED","Morone saxatilis","Middle Atlantic","MARYLAND",1984,1082400,1359528,NA,"ACCSPHIST","Commercial"
"167680","BASS, STRIPED","Morone saxatilis","Middle Atlantic","MARYLAND",1985,42908,45715,NA,"ACCSPHIST","Commercial"
"167680","BASS, STRIPED","Morone saxatilis","Middle Atlantic","MARYLAND",1986,7600,8421,NA,"ACCSPHIST","Commercial"
"167680","BASS, STRIPED","Morone saxatilis","Middle Atlantic","MARYLAND",1987,32500,45042,NA,"ACCSPHIST","Commercial"
"167680","BASS, STRIPED","Morone saxatilis","Middle Atlantic","MARYLAND",1988,39800,54171,NA,"ACCSPHIST","Commercial"
"167680","BASS, STRIPED","Morone saxatilis","Middle Atlantic","MARYLAND",1990,47100,50953,NA,"ACCSPHIST","Commercial"
"167680","BASS, STRIPED","Morone saxatilis","Middle Atlantic","MARYLAND",1991,15176,24415,NA,"ACCSPHIST","Commercial"
"167680","BASS, STRIPED","Morone saxatilis","Middle Atlantic","MARYLAND",1992,133964,238231,NA,"ACCSPHIST","Commercial"
"167680","BASS, STRIPED","Morone saxatilis","Middle Atlantic","MARYLAND",1993,260904,711703,NA,"ACCSPHIST","Commercial"
"167680","BASS, STRIPED","Morone saxatilis","Middle Atlantic","MARYLAND",1994,306532,523601,NA,"ACCSPHIST","Commercial"
"167680","BASS, STRIPED","Morone saxatilis","Middle Atlantic","MARYLAND",1995,1267591,1924179,NA,"ACCSPHIST","Commercial"
"167680","BASS, STRIPED","Morone saxatilis","Middle Atlantic","MARYLAND",1996,1575706,2575081,NA,"ACCSPHIST","Commercial"
"167680","BASS, STRIPED","Morone saxatilis","Middle Atlantic","MARYLAND",1997,2342139,3221436,NA,"ACCSPHIST","Commercial"
"167680","BASS, STRIPED","Morone saxatilis","Middle Atlantic","MARYLAND",1998,2750565,3519983,NA,"ACCSPHIST","Commercial"
"167680","BASS, STRIPED","Morone saxatilis","Middle Atlantic","MARYLAND",1999,2298818,3683111,NA,"ACCSPHIST","Commercial"
"167680","BASS, STRIPED","Morone saxatilis","Middle Atlantic","MARYLAND",2001,1900217,3164892,NA,"ACCSPHIST","Commercial"
"167680","BASS, STRIPED","Morone saxatilis","Middle Atlantic","MARYLAND",2002,1987666,3593564,NA,"ACCSPHIST","Commercial"
"167680","BASS, STRIPED","Morone saxatilis","Middle Atlantic","MARYLAND",2003,2028818,3636227,NA,"ACCSPHIST","Commercial"
"167680","BASS, STRIPED","Morone saxatilis","Middle Atlantic","MARYLAND",2004,865603,1507564,NA,"ACCSPHIST","Commercial"
"167680","BASS, STRIPED","Morone saxatilis","Middle Atlantic","MARYLAND",2005,2339307,4234445,NA,"ACCSPHIST","Commercial"
"167680","BASS, STRIPED","Morone saxatilis","Middle Atlantic","MARYLAND",2006,2484727,4591321,NA,"ACCSPHIST","Commercial"
"167680","BASS, STRIPED","Morone saxatilis","Middle Atlantic","NEW YORK",2000,543093,1510478,NA,"ACCSPHIST","Commercial"
"167680","BASS, STRIPED","Morone saxatilis","Middle Atlantic","NEW YORK",1950,517100,127965,NA,"ACCSPHIST","Commercial"
"167680","BASS, STRIPED","Morone saxatilis","Middle Atlantic","NEW YORK",1951,626200,159257,NA,"ACCSPHIST","Commercial"
"167680","BASS, STRIPED","Morone saxatilis","Middle Atlantic","NEW YORK",1952,485700,141413,NA,"ACCSPHIST","Commercial"
"167680","BASS, STRIPED","Morone saxatilis","Middle Atlantic","NEW YORK",1953,481700,121627,NA,"ACCSPHIST","Commercial"
"167680","BASS, STRIPED","Morone saxatilis","Middle Atlantic","NEW YORK",1954,438900,116163,NA,"ACCSPHIST","Commercial"
"167680","BASS, STRIPED","Morone saxatilis","Middle Atlantic","NEW YORK",1955,506100,116243,NA,"ACCSPHIST","Commercial"
"167680","BASS, STRIPED","Morone saxatilis","Middle Atlantic","NEW YORK",1956,395200,110886,NA,"ACCSPHIST","Commercial"
"167680","BASS, STRIPED","Morone saxatilis","Middle Atlantic","NEW YORK",1957,553000,147940,NA,"ACCSPHIST","Commercial"
"167680","BASS, STRIPED","Morone saxatilis","Middle Atlantic","NEW YORK",1958,397900,114479,NA,"ACCSPHIST","Commercial"
"167680","BASS, STRIPED","Morone saxatilis","Middle Atlantic","NEW YORK",1959,538000,121707,NA,"ACCSPHIST","Commercial"
"167680","BASS, STRIPED","Morone saxatilis","Middle Atlantic","NEW YORK",1960,730800,148216,NA,"ACCSPHIST","Commercial"
"167680","BASS, STRIPED","Morone saxatilis","Middle Atlantic","NEW YORK",1961,909700,147833,NA,"ACCSPHIST","Commercial"
"167680","BASS, STRIPED","Morone saxatilis","Middle Atlantic","NEW YORK",1962,656600,95504,NA,"ACCSPHIST","Commercial"
"167680","BASS, STRIPED","Morone saxatilis","Middle Atlantic","NEW YORK",1963,672800,97454,NA,"ACCSPHIST","Commercial"
"167680","BASS, STRIPED","Morone saxatilis","Middle Atlantic","NEW YORK",1964,995000,140644,NA,"ACCSPHIST","Commercial"
"167680","BASS, STRIPED","Morone saxatilis","Middle Atlantic","NEW YORK",1965,739600,139739,NA,"ACCSPHIST","Commercial"
"167680","BASS, STRIPED","Morone saxatilis","Middle Atlantic","NEW YORK",1966,1050300,193483,NA,"ACCSPHIST","Commercial"
"167680","BASS, STRIPED","Morone saxatilis","Middle Atlantic","NEW YORK",1967,1630100,305988,NA,"ACCSPHIST","Commercial"
"167680","BASS, STRIPED","Morone saxatilis","Middle Atlantic","NEW YORK",1968,1550500,349778,NA,"ACCSPHIST","Commercial"
"167680","BASS, STRIPED","Morone saxatilis","Middle Atlantic","NEW YORK",1969,1535100,369240,NA,"ACCSPHIST","Commercial"
"167680","BASS, STRIPED","Morone saxatilis","Middle Atlantic","NEW YORK",1970,1338300,362716,NA,"ACCSPHIST","Commercial"
"167680","BASS, STRIPED","Morone saxatilis","Middle Atlantic","NEW YORK",1971,1183600,329047,NA,"ACCSPHIST","Commercial"
"167680","BASS, STRIPED","Morone saxatilis","Middle Atlantic","NEW YORK",1972,836200,268949,NA,"ACCSPHIST","Commercial"
"167680","BASS, STRIPED","Morone saxatilis","Middle Atlantic","NEW YORK",1973,1741300,654016,NA,"ACCSPHIST","Commercial"
"167680","BASS, STRIPED","Morone saxatilis","Middle Atlantic","NEW YORK",1974,1409000,532845,NA,"ACCSPHIST","Commercial"
"167680","BASS, STRIPED","Morone saxatilis","Middle Atlantic","NEW YORK",1975,1183700,636125,NA,"ACCSPHIST","Commercial"
"167680","BASS, STRIPED","Morone saxatilis","Middle Atlantic","NEW YORK",1976,850900,516582,NA,"ACCSPHIST","Commercial"
"167680","BASS, STRIPED","Morone saxatilis","Middle Atlantic","NEW YORK",1977,766100,637392,NA,"ACCSPHIST","Commercial"
"167680","BASS, STRIPED","Morone saxatilis","Middle Atlantic","NEW YORK",1978,1122200,1295045,NA,"ACCSPHIST","Commercial"
"167680","BASS, STRIPED","Morone saxatilis","Middle Atlantic","NEW YORK",1979,569800,895050,NA,"ACCSPHIST","Commercial"
"167680","BASS, STRIPED","Morone saxatilis","Middle Atlantic","NEW YORK",1980,597900,974962,NA,"ACCSPHIST","Commercial"
"167680","BASS, STRIPED","Morone saxatilis","Middle Atlantic","NEW YORK",1981,822400,1459349,NA,"ACCSPHIST","Commercial"
"167680","BASS, STRIPED","Morone saxatilis","Middle Atlantic","NEW YORK",1982,470900,877811,NA,"ACCSPHIST","Commercial"
"167680","BASS, STRIPED","Morone saxatilis","Middle Atlantic","NEW YORK",1983,309500,669466,NA,"ACCSPHIST","Commercial"
"167680","BASS, STRIPED","Morone saxatilis","Middle Atlantic","NEW YORK",1984,595300,1337875,NA,"ACCSPHIST","Commercial"
"167680","BASS, STRIPED","Morone saxatilis","Middle Atlantic","NEW YORK",1985,469040,862956,NA,"ACCSPHIST","Commercial"
"167680","BASS, STRIPED","Morone saxatilis","Middle Atlantic","NEW YORK",1986,1100,1320,NA,"ACCSPHIST","Commercial"
"167680","BASS, STRIPED","Morone saxatilis","Middle Atlantic","NEW YORK",1989,300,515,NA,"ACCSPHIST","Commercial"
"167680","BASS, STRIPED","Morone saxatilis","Middle Atlantic","NEW YORK",1990,81584,225989,NA,"ACCSPHIST","Commercial"
"167680","BASS, STRIPED","Morone saxatilis","Middle Atlantic","NEW YORK",1991,105262,263158,NA,"ACCSPHIST","Commercial"
"167680","BASS, STRIPED","Morone saxatilis","Middle Atlantic","NEW YORK",1992,226613,679839,NA,"ACCSPHIST","Commercial"
"167680","BASS, STRIPED","Morone saxatilis","Middle Atlantic","NEW YORK",1993,109362,321525,NA,"ACCSPHIST","Commercial"
"167680","BASS, STRIPED","Morone saxatilis","Middle Atlantic","NEW YORK",1994,169811,509433,NA,"ACCSPHIST","Commercial"
"167680","BASS, STRIPED","Morone saxatilis","Middle Atlantic","NEW YORK",1995,500980,1402804,NA,"ACCSPHIST","Commercial"
"167680","BASS, STRIPED","Morone saxatilis","Middle Atlantic","NEW YORK",1996,500697,1251752,NA,"ACCSPHIST","Commercial"
"167680","BASS, STRIPED","Morone saxatilis","Middle Atlantic","NEW YORK",1997,460451,1151135,NA,"ACCSPHIST","Commercial"
"167680","BASS, STRIPED","Morone saxatilis","Middle Atlantic","NEW YORK",1998,484263,1253806,NA,"ACCSPHIST","Commercial"
"167680","BASS, STRIPED","Morone saxatilis","Middle Atlantic","NEW YORK",1999,488779,1222176,NA,"ACCSPHIST","Commercial"
"167680","BASS, STRIPED","Morone saxatilis","Middle Atlantic","NEW YORK",2001,633093,1582739,NA,"ACCSPHIST","Commercial"
"167680","BASS, STRIPED","Morone saxatilis","Middle Atlantic","NEW YORK",2002,518573,1296438,NA,"ACCSPHIST","Commercial"
"167680","BASS, STRIPED","Morone saxatilis","Middle Atlantic","NEW YORK",2003,784602,1967592,NA,"ACCSPHIST","Commercial"
"167680","BASS, STRIPED","Morone saxatilis","Middle Atlantic","NEW YORK",2004,746580,1939182,NA,"ACCSPHIST","Commercial"
"167680","BASS, STRIPED","Morone saxatilis","Middle Atlantic","NEW YORK",2005,710785,2125282,NA,"ACCSPHIST","Commercial"
"167680","BASS, STRIPED","Morone saxatilis","Middle Atlantic","NEW YORK",2006,688448,2040527,NA,"ACCSPHIST","Commercial"
"167680","BASS, STRIPED","Morone saxatilis","Middle Atlantic","VIRGINIA",2000,1983371,2882614,NA,"ACCSPHIST","Commercial"
"167680","BASS, STRIPED","Morone saxatilis","Middle Atlantic","VIRGINIA",1950,2796200,370276,NA,"ACCSPHIST","Commercial"
"167680","BASS, STRIPED","Morone saxatilis","Middle Atlantic","VIRGINIA",1951,1803600,276110,NA,"ACCSPHIST","Commercial"
"167680","BASS, STRIPED","Morone saxatilis","Middle Atlantic","VIRGINIA",1952,1241800,192327,NA,"ACCSPHIST","Commercial"
"167680","BASS, STRIPED","Morone saxatilis","Middle Atlantic","VIRGINIA",1953,802900,121814,NA,"ACCSPHIST","Commercial"
"167680","BASS, STRIPED","Morone saxatilis","Middle Atlantic","VIRGINIA",1954,950800,146395,NA,"ACCSPHIST","Commercial"
"167680","BASS, STRIPED","Morone saxatilis","Middle Atlantic","VIRGINIA",1955,893800,177286,NA,"ACCSPHIST","Commercial"
"167680","BASS, STRIPED","Morone saxatilis","Middle Atlantic","VIRGINIA",1956,994700,160347,NA,"ACCSPHIST","Commercial"
"167680","BASS, STRIPED","Morone saxatilis","Middle Atlantic","VIRGINIA",1957,929400,149086,NA,"ACCSPHIST","Commercial"
"167680","BASS, STRIPED","Morone saxatilis","Middle Atlantic","VIRGINIA",1958,1317400,210746,NA,"ACCSPHIST","Commercial"
"167680","BASS, STRIPED","Morone saxatilis","Middle Atlantic","VIRGINIA",1959,2097100,330282,NA,"ACCSPHIST","Commercial"
"167680","BASS, STRIPED","Morone saxatilis","Middle Atlantic","VIRGINIA",1960,2278400,315552,NA,"ACCSPHIST","Commercial"
"167680","BASS, STRIPED","Morone saxatilis","Middle Atlantic","VIRGINIA",1961,1854000,290058,NA,"ACCSPHIST","Commercial"
"167680","BASS, STRIPED","Morone saxatilis","Middle Atlantic","VIRGINIA",1962,1944000,279419,NA,"ACCSPHIST","Commercial"
"167680","BASS, STRIPED","Morone saxatilis","Middle Atlantic","VIRGINIA",1963,2746500,356206,NA,"ACCSPHIST","Commercial"
"167680","BASS, STRIPED","Morone saxatilis","Middle Atlantic","VIRGINIA",1964,1889000,301135,NA,"ACCSPHIST","Commercial"
"167680","BASS, STRIPED","Morone saxatilis","Middle Atlantic","VIRGINIA",1965,2213400,432588,NA,"ACCSPHIST","Commercial"
"167680","BASS, STRIPED","Morone saxatilis","Middle Atlantic","VIRGINIA",1966,2803100,526443,NA,"ACCSPHIST","Commercial"
"167680","BASS, STRIPED","Morone saxatilis","Middle Atlantic","VIRGINIA",1967,1676800,259914,NA,"ACCSPHIST","Commercial"
"167680","BASS, STRIPED","Morone saxatilis","Middle Atlantic","VIRGINIA",1968,1613500,293327,NA,"ACCSPHIST","Commercial"
"167680","BASS, STRIPED","Morone saxatilis","Middle Atlantic","VIRGINIA",1969,2670800,516727,NA,"ACCSPHIST","Commercial"
"167680","BASS, STRIPED","Morone saxatilis","Middle Atlantic","VIRGINIA",1970,1781500,371450,NA,"ACCSPHIST","Commercial"
"167680","BASS, STRIPED","Morone saxatilis","Middle Atlantic","VIRGINIA",1971,1221300,288160,NA,"ACCSPHIST","Commercial"
"167680","BASS, STRIPED","Morone saxatilis","Middle Atlantic","VIRGINIA",1972,2658800,568996,NA,"ACCSPHIST","Commercial"
"167680","BASS, STRIPED","Morone saxatilis","Middle Atlantic","VIRGINIA",1973,2887600,769401,NA,"ACCSPHIST","Commercial"
"167680","BASS, STRIPED","Morone saxatilis","Middle Atlantic","VIRGINIA",1974,2563900,612966,NA,"ACCSPHIST","Commercial"
"167680","BASS, STRIPED","Morone saxatilis","Middle Atlantic","VIRGINIA",1975,1331300,641901,NA,"ACCSPHIST","Commercial"
"167680","BASS, STRIPED","Morone saxatilis","Middle Atlantic","VIRGINIA",1976,953800,486447,NA,"ACCSPHIST","Commercial"
"167680","BASS, STRIPED","Morone saxatilis","Middle Atlantic","VIRGINIA",1977,832800,440085,NA,"ACCSPHIST","Commercial"
"167680","BASS, STRIPED","Morone saxatilis","Middle Atlantic","VIRGINIA",1978,442500,404890,NA,"ACCSPHIST","Commercial"
"167680","BASS, STRIPED","Morone saxatilis","Middle Atlantic","VIRGINIA",1979,466700,511088,NA,"ACCSPHIST","Commercial"
"167680","BASS, STRIPED","Morone saxatilis","Middle Atlantic","VIRGINIA",1980,503000,512574,NA,"ACCSPHIST","Commercial"
"167680","BASS, STRIPED","Morone saxatilis","Middle Atlantic","VIRGINIA",1981,394700,455995,NA,"ACCSPHIST","Commercial"
"167680","BASS, STRIPED","Morone saxatilis","Middle Atlantic","VIRGINIA",1982,146900,229273,NA,"ACCSPHIST","Commercial"
"167680","BASS, STRIPED","Morone saxatilis","Middle Atlantic","VIRGINIA",1983,151200,271519,NA,"ACCSPHIST","Commercial"
"167680","BASS, STRIPED","Morone saxatilis","Middle Atlantic","VIRGINIA",1984,508100,478370,NA,"ACCSPHIST","Commercial"
"167680","BASS, STRIPED","Morone saxatilis","Middle Atlantic","VIRGINIA",1985,241000,258847,NA,"ACCSPHIST","Commercial"
"167680","BASS, STRIPED","Morone saxatilis","Middle Atlantic","VIRGINIA",1986,23700,28189,NA,"ACCSPHIST","Commercial"
"167680","BASS, STRIPED","Morone saxatilis","Middle Atlantic","VIRGINIA",1987,53300,65242,NA,"ACCSPHIST","Commercial"
"167680","BASS, STRIPED","Morone saxatilis","Middle Atlantic","VIRGINIA",1988,165677,203652,NA,"ACCSPHIST","Commercial"
"167680","BASS, STRIPED","Morone saxatilis","Middle Atlantic","VIRGINIA",1990,308591,327737,NA,"ACCSPHIST","Commercial"
"167680","BASS, STRIPED","Morone saxatilis","Middle Atlantic","VIRGINIA",1991,225103,238260,NA,"ACCSPHIST","Commercial"
"167680","BASS, STRIPED","Morone saxatilis","Middle Atlantic","VIRGINIA",1992,246183,316560,NA,"ACCSPHIST","Commercial"
"167680","BASS, STRIPED","Morone saxatilis","Middle Atlantic","VIRGINIA",1993,291610,518218,NA,"ACCSPHIST","Commercial"
"167680","BASS, STRIPED","Morone saxatilis","Middle Atlantic","VIRGINIA",1994,260787,425386,NA,"ACCSPHIST","Commercial"
"167680","BASS, STRIPED","Morone saxatilis","Middle Atlantic","VIRGINIA",1995,605812,794272,NA,"ACCSPHIST","Commercial"
"167680","BASS, STRIPED","Morone saxatilis","Middle Atlantic","VIRGINIA",1996,1462752,2526570,NA,"ACCSPHIST","Commercial"
"167680","BASS, STRIPED","Morone saxatilis","Middle Atlantic","VIRGINIA",1997,1338435,1783575,NA,"ACCSPHIST","Commercial"
"167680","BASS, STRIPED","Morone saxatilis","Middle Atlantic","VIRGINIA",1998,1628511,2210647,NA,"ACCSPHIST","Commercial"
"167680","BASS, STRIPED","Morone saxatilis","Middle Atlantic","VIRGINIA",1999,1646210,2765293,NA,"ACCSPHIST","Commercial"
"167680","BASS, STRIPED","Morone saxatilis","Middle Atlantic","VIRGINIA",2001,1836817,2888799,NA,"ACCSPHIST","Commercial"
"167680","BASS, STRIPED","Morone saxatilis","Middle Atlantic","VIRGINIA",2002,1684708,2558028,NA,"ACCSPHIST","Commercial"
"167680","BASS, STRIPED","Morone saxatilis","Middle Atlantic","VIRGINIA",2003,1948959,3125779,NA,"ACCSPHIST","Commercial"
"167680","BASS, STRIPED","Morone saxatilis","Middle Atlantic","VIRGINIA",2004,2127580,3665194,NA,"ACCSPHIST","Commercial"
"167680","BASS, STRIPED","Morone saxatilis","Middle Atlantic","VIRGINIA",2005,2483728,4482498,NA,"ACCSPHIST","Commercial"
"167680","BASS, STRIPED","Morone saxatilis","Middle Atlantic","VIRGINIA",2006,1431056,2946212,NA,"ACCSPHIST","Commercial"
"167680","BASS, STRIPED","Morone saxatilis","Middle Atlantic","NEW JERSEY",1950,108600,30196,NA,"ACCSPHIST","Commercial"
"167680","BASS, STRIPED","Morone saxatilis","Middle Atlantic","NEW JERSEY",1951,140300,32820,NA,"ACCSPHIST","Commercial"
"167680","BASS, STRIPED","Morone saxatilis","Middle Atlantic","NEW JERSEY",1952,535500,107155,NA,"ACCSPHIST","Commercial"
"167680","BASS, STRIPED","Morone saxatilis","Middle Atlantic","NEW JERSEY",1953,435200,107160,NA,"ACCSPHIST","Commercial"
"167680","BASS, STRIPED","Morone saxatilis","Middle Atlantic","NEW JERSEY",1954,51100,12071,NA,"ACCSPHIST","Commercial"
"167680","BASS, STRIPED","Morone saxatilis","Middle Atlantic","NEW JERSEY",1955,34600,7839,NA,"ACCSPHIST","Commercial"
"167680","BASS, STRIPED","Morone saxatilis","Middle Atlantic","NEW JERSEY",1956,50400,12385,NA,"ACCSPHIST","Commercial"
"167680","BASS, STRIPED","Morone saxatilis","Middle Atlantic","NEW JERSEY",1957,132300,35659,NA,"ACCSPHIST","Commercial"
"167680","BASS, STRIPED","Morone saxatilis","Middle Atlantic","NEW JERSEY",1958,58440,17554,NA,"ACCSPHIST","Commercial"
"167680","BASS, STRIPED","Morone saxatilis","Middle Atlantic","NEW JERSEY",1959,196100,49359,NA,"ACCSPHIST","Commercial"
"167680","BASS, STRIPED","Morone saxatilis","Middle Atlantic","NEW JERSEY",1960,114500,25124,NA,"ACCSPHIST","Commercial"
"167680","BASS, STRIPED","Morone saxatilis","Middle Atlantic","NEW JERSEY",1961,275600,49319,NA,"ACCSPHIST","Commercial"
"167680","BASS, STRIPED","Morone saxatilis","Middle Atlantic","NEW JERSEY",1962,493800,91304,NA,"ACCSPHIST","Commercial"
"167680","BASS, STRIPED","Morone saxatilis","Middle Atlantic","NEW JERSEY",1963,753300,105937,NA,"ACCSPHIST","Commercial"
"167680","BASS, STRIPED","Morone saxatilis","Middle Atlantic","NEW JERSEY",1964,995600,174057,NA,"ACCSPHIST","Commercial"
"167680","BASS, STRIPED","Morone saxatilis","Middle Atlantic","NEW JERSEY",1965,760700,163569,NA,"ACCSPHIST","Commercial"
"167680","BASS, STRIPED","Morone saxatilis","Middle Atlantic","NEW JERSEY",1966,314700,75506,NA,"ACCSPHIST","Commercial"
"167680","BASS, STRIPED","Morone saxatilis","Middle Atlantic","NEW JERSEY",1967,327300,74107,NA,"ACCSPHIST","Commercial"
"167680","BASS, STRIPED","Morone saxatilis","Middle Atlantic","NEW JERSEY",1968,459000,127763,NA,"ACCSPHIST","Commercial"
"167680","BASS, STRIPED","Morone saxatilis","Middle Atlantic","NEW JERSEY",1969,311400,76022,NA,"ACCSPHIST","Commercial"
"167680","BASS, STRIPED","Morone saxatilis","Middle Atlantic","NEW JERSEY",1970,223000,47939,NA,"ACCSPHIST","Commercial"
"167680","BASS, STRIPED","Morone saxatilis","Middle Atlantic","NEW JERSEY",1971,290300,85409,NA,"ACCSPHIST","Commercial"
"167680","BASS, STRIPED","Morone saxatilis","Middle Atlantic","NEW JERSEY",1972,372600,111316,NA,"ACCSPHIST","Commercial"
"167680","BASS, STRIPED","Morone saxatilis","Middle Atlantic","NEW JERSEY",1973,766300,210872,NA,"ACCSPHIST","Commercial"
"167680","BASS, STRIPED","Morone saxatilis","Middle Atlantic","NEW JERSEY",1974,713800,177170,NA,"ACCSPHIST","Commercial"
"167680","BASS, STRIPED","Morone saxatilis","Middle Atlantic","NEW JERSEY",1975,341700,177977,NA,"ACCSPHIST","Commercial"
"167680","BASS, STRIPED","Morone saxatilis","Middle Atlantic","NEW JERSEY",1976,137400,101965,NA,"ACCSPHIST","Commercial"
"167680","BASS, STRIPED","Morone saxatilis","Middle Atlantic","NEW JERSEY",1977,124600,81109,NA,"ACCSPHIST","Commercial"
"167680","BASS, STRIPED","Morone saxatilis","Middle Atlantic","NEW JERSEY",1978,77000,69133,NA,"ACCSPHIST","Commercial"
"167680","BASS, STRIPED","Morone saxatilis","Middle Atlantic","NEW JERSEY",1979,39800,47907,NA,"ACCSPHIST","Commercial"
"167680","BASS, STRIPED","Morone saxatilis","Middle Atlantic","NEW JERSEY",1980,23600,30875,NA,"ACCSPHIST","Commercial"
"167680","BASS, STRIPED","Morone saxatilis","Middle Atlantic","NEW JERSEY",1981,13900,17756,NA,"ACCSPHIST","Commercial"
"167680","BASS, STRIPED","Morone saxatilis","Middle Atlantic","NEW JERSEY",1982,10400,17119,NA,"ACCSPHIST","Commercial"
"167680","BASS, STRIPED","Morone saxatilis","Middle Atlantic","NEW JERSEY",1983,19600,43998,NA,"ACCSPHIST","Commercial"
"167680","BASS, STRIPED","Morone saxatilis","Middle Atlantic","NEW JERSEY",1984,8900,19695,NA,"ACCSPHIST","Commercial"
"167680","BASS, STRIPED","Morone saxatilis","Middle Atlantic","NEW JERSEY",1985,12100,16718,NA,"ACCSPHIST","Commercial"
"167680","BASS, STRIPED","Morone saxatilis","Middle Atlantic","NEW JERSEY",1986,10000,18042,NA,"ACCSPHIST","Commercial"
"167680","BASS, STRIPED","Morone saxatilis","Middle Atlantic","NEW JERSEY",1987,400,616,NA,"ACCSPHIST","Commercial"
"167680","BASS, STRIPED","Morone saxatilis","Middle Atlantic","NEW JERSEY",1989,200,123,NA,"ACCSPHIST","Commercial"
"167680","BASS, STRIPED","Morone saxatilis","Middle Atlantic","NEW JERSEY",1995,179,313,NA,"ACCSPHIST","Commercial"
"167680","BASS, STRIPED","Morone saxatilis","Middle Atlantic","MARYLAND",2000,81302,138236,NA,"ACCSPHIST","Commercial"
"167680","BASS, STRIPED","Morone saxatilis","Middle Atlantic","MARYLAND",1972,385300,105907,NA,"ACCSPHIST","Commercial"
"167680","BASS, STRIPED","Morone saxatilis","Middle Atlantic","MARYLAND",1973,439900,136019,NA,"ACCSPHIST","Commercial"
"167680","BASS, STRIPED","Morone saxatilis","Middle Atlantic","MARYLAND",1974,372600,82805,NA,"ACCSPHIST","Commercial"
"167680","BASS, STRIPED","Morone saxatilis","Middle Atlantic","MARYLAND",1975,51700,17718,NA,"ACCSPHIST","Commercial"
"167680","BASS, STRIPED","Morone saxatilis","Middle Atlantic","MARYLAND",1976,89100,47838,NA,"ACCSPHIST","Commercial"
"167680","BASS, STRIPED","Morone saxatilis","Middle Atlantic","MARYLAND",1977,76300,39529,NA,"ACCSPHIST","Commercial"
"167680","BASS, STRIPED","Morone saxatilis","Middle Atlantic","MARYLAND",1978,45200,48514,NA,"ACCSPHIST","Commercial"
"167680","BASS, STRIPED","Morone saxatilis","Middle Atlantic","MARYLAND",1979,13900,20802,NA,"ACCSPHIST","Commercial"
"167680","BASS, STRIPED","Morone saxatilis","Middle Atlantic","MARYLAND",1981,100,75,NA,"ACCSPHIST","Commercial"
"167680","BASS, STRIPED","Morone saxatilis","Middle Atlantic","MARYLAND",1982,1100,1649,NA,"ACCSPHIST","Commercial"
"167680","BASS, STRIPED","Morone saxatilis","Middle Atlantic","MARYLAND",1983,20300,51892,NA,"ACCSPHIST","Commercial"
"167680","BASS, STRIPED","Morone saxatilis","Middle Atlantic","MARYLAND",1984,15300,32661,NA,"ACCSPHIST","Commercial"
"167680","BASS, STRIPED","Morone saxatilis","Middle Atlantic","MARYLAND",1990,980,1158,NA,"ACCSPHIST","Commercial"
"167680","BASS, STRIPED","Morone saxatilis","Middle Atlantic","MARYLAND",1991,54707,96427,NA,"ACCSPHIST","Commercial"
"167680","BASS, STRIPED","Morone saxatilis","Middle Atlantic","MARYLAND",1992,133642,200118,NA,"ACCSPHIST","Commercial"
"167680","BASS, STRIPED","Morone saxatilis","Middle Atlantic","MARYLAND",1993,125151,209143,NA,"ACCSPHIST","Commercial"
"167680","BASS, STRIPED","Morone saxatilis","Middle Atlantic","MARYLAND",1994,90553,159416,NA,"ACCSPHIST","Commercial"
"167680","BASS, STRIPED","Morone saxatilis","Middle Atlantic","MARYLAND",1995,28184,45878,NA,"ACCSPHIST","Commercial"
"167680","BASS, STRIPED","Morone saxatilis","Middle Atlantic","MARYLAND",1996,10885,18507,NA,"ACCSPHIST","Commercial"
"167680","BASS, STRIPED","Morone saxatilis","Middle Atlantic","MARYLAND",1997,123775,170465,NA,"ACCSPHIST","Commercial"
"167680","BASS, STRIPED","Morone saxatilis","Middle Atlantic","MARYLAND",1998,101854,166025,NA,"ACCSPHIST","Commercial"
"167680","BASS, STRIPED","Morone saxatilis","Middle Atlantic","MARYLAND",1999,93939,155112,NA,"ACCSPHIST","Commercial"
"167680","BASS, STRIPED","Morone saxatilis","Middle Atlantic","MARYLAND",2001,105685,179706,NA,"ACCSPHIST","Commercial"
"167680","BASS, STRIPED","Morone saxatilis","Middle Atlantic","MARYLAND",2002,58294,99163,NA,"ACCSPHIST","Commercial"
"167680","BASS, STRIPED","Morone saxatilis","Middle Atlantic","MARYLAND",2003,131820,224113,NA,"ACCSPHIST","Commercial"
"167680","BASS, STRIPED","Morone saxatilis","Middle Atlantic","NEW YORK",2000,123,287,NA,"ACCSPHIST","Commercial"
"167680","BASS, STRIPED","Morone saxatilis","Middle Atlantic","NEW YORK",1998,124,376,NA,"ACCSPHIST","Commercial"
"167680","BASS, STRIPED","Morone saxatilis","Middle Atlantic","NEW YORK",1999,464,945,NA,"ACCSPHIST","Commercial"
"167680","BASS, STRIPED","Morone saxatilis","Middle Atlantic","VIRGINIA",2000,171558,291689,NA,"ACCSPHIST","Commercial"
"167680","BASS, STRIPED","Morone saxatilis","Middle Atlantic","VIRGINIA",1990,1751,1808,NA,"ACCSPHIST","Commercial"
"167680","BASS, STRIPED","Morone saxatilis","Middle Atlantic","VIRGINIA",1991,114,168,NA,"ACCSPHIST","Commercial"
"167680","BASS, STRIPED","Morone saxatilis","Middle Atlantic","VIRGINIA",1992,6302,7388,NA,"ACCSPHIST","Commercial"
"167680","BASS, STRIPED","Morone saxatilis","Middle Atlantic","VIRGINIA",1994,10719,18228,NA,"ACCSPHIST","Commercial"
"167680","BASS, STRIPED","Morone saxatilis","Middle Atlantic","VIRGINIA",1995,38542,65528,NA,"ACCSPHIST","Commercial"
"167680","BASS, STRIPED","Morone saxatilis","Middle Atlantic","VIRGINIA",1996,113710,193317,NA,"ACCSPHIST","Commercial"
"167680","BASS, STRIPED","Morone saxatilis","Middle Atlantic","VIRGINIA",1997,215074,301826,NA,"ACCSPHIST","Commercial"
"167680","BASS, STRIPED","Morone saxatilis","Middle Atlantic","VIRGINIA",1998,193136,314814,NA,"ACCSPHIST","Commercial"
"167680","BASS, STRIPED","Morone saxatilis","Middle Atlantic","VIRGINIA",1999,152649,252302,NA,"ACCSPHIST","Commercial"
"167680","BASS, STRIPED","Morone saxatilis","Middle Atlantic","VIRGINIA",2001,161941,275338,NA,"ACCSPHIST","Commercial"
"167680","BASS, STRIPED","Morone saxatilis","Middle Atlantic","VIRGINIA",2002,96792,164570,NA,"ACCSPHIST","Commercial"
"167680","BASS, STRIPED","Morone saxatilis","Middle Atlantic","VIRGINIA",2003,121671,206864,NA,"ACCSPHIST","Commercial"
"167680","BASS, STRIPED","Morone saxatilis","Middle Atlantic","DELAWARE",2007,188668,429990.1,NA,"ACCSP","Commercial"
"167680","BASS, STRIPED","Morone saxatilis","Middle Atlantic","DELAWARE",2008,188818,402747.005,NA,"ACCSP","Commercial"
"167680","BASS, STRIPED","Morone saxatilis","Middle Atlantic","DELAWARE",2009,193423,356292.4705,NA,"ACCSP","Commercial"
"167680","BASS, STRIPED","Morone saxatilis","Middle Atlantic","DELAWARE",2010,185410,400155.14,NA,"ACCSP","Commercial"
"167680","BASS, STRIPED","Morone saxatilis","Middle Atlantic","DELAWARE",2011,188620,422406.305,NA,"ACCSP","Commercial"
"167680","BASS, STRIPED","Morone saxatilis","Middle Atlantic","DELAWARE",2012,194324,485097,NA,"ACCSP","Commercial"
"167680","BASS, STRIPED","Morone saxatilis","Middle Atlantic","DELAWARE",2013,191424,662756.123,NA,"ACCSP","Commercial"
"167680","BASS, STRIPED","Morone saxatilis","Middle Atlantic","DELAWARE",2014,0,NA,NA,"ACCSP","Commercial"
"167680","BASS, STRIPED","Morone saxatilis","Middle Atlantic","DELAWARE",2015,0,NA,NA,"ACCSP","Commercial"
"167680","BASS, STRIPED","Morone saxatilis","Middle Atlantic","DELAWARE",2016,0,NA,NA,"ACCSP","Commercial"
"167680","BASS, STRIPED","Morone saxatilis","Middle Atlantic","DELAWARE",2017,0,NA,NA,"ACCSP","Commercial"
"167680","BASS, STRIPED","Morone saxatilis","Middle Atlantic","DELAWARE",2018,0,NA,NA,"ACCSP","Commercial"
"167680","BASS, STRIPED","Morone saxatilis","Middle Atlantic","DELAWARE",2019,132602,470236.98,NA,"ACCSP","Commercial"
"167680","BASS, STRIPED","Morone saxatilis","Middle Atlantic","DELAWARE",2020,137986,477683.61,NA,"ACCSP","Commercial"
"167680","BASS, STRIPED","Morone saxatilis","Middle Atlantic","DELAWARE",2021,0,NA,NA,"ACCSP","Commercial"
"167680","BASS, STRIPED","Morone saxatilis","Middle Atlantic","DELAWARE",2022,0,NA,NA,"ACCSP","Commercial"
"167680","BASS, STRIPED","Morone saxatilis","Middle Atlantic","DELAWARE",2023,0,NA,NA,"ACCSP","Commercial"
"167680","BASS, STRIPED","Morone saxatilis","Middle Atlantic","MARYLAND",2007,2639146,5330282.8,NA,"ACCSP","Commercial"
"167680","BASS, STRIPED","Morone saxatilis","Middle Atlantic","MARYLAND",2008,2654920,5230162,NA,"ACCSP","Commercial"
"167680","BASS, STRIPED","Morone saxatilis","Middle Atlantic","MARYLAND",2009,2809926,5175418.38,NA,"ACCSP","Commercial"
"167680","BASS, STRIPED","Morone saxatilis","Middle Atlantic","MARYLAND",2010,2504248,5411874.5,NA,"ACCSP","Commercial"
"167680","BASS, STRIPED","Morone saxatilis","Middle Atlantic","MARYLAND",2011,2342518,5621197.96,NA,"ACCSP","Commercial"
"167680","BASS, STRIPED","Morone saxatilis","Middle Atlantic","MARYLAND",2012,2326067,6275130.8,NA,"ACCSP","Commercial"
"167680","BASS, STRIPED","Morone saxatilis","Middle Atlantic","MARYLAND",2013,1986746.5,8039965.2,NA,"ACCSP","Commercial"
"167680","BASS, STRIPED","Morone saxatilis","Middle Atlantic","MARYLAND",2014,2351558.5,8071599.21,NA,"ACCSP","Commercial"
"167680","BASS, STRIPED","Morone saxatilis","Middle Atlantic","MARYLAND",2015,1708971.5,6196160.66,NA,"ACCSP","Commercial"
"167680","BASS, STRIPED","Morone saxatilis","Middle Atlantic","MARYLAND",2016,1718272,7132702.86,NA,"ACCSP","Commercial"
"167680","BASS, STRIPED","Morone saxatilis","Middle Atlantic","MARYLAND",2017,1891551.5,7263752.23,NA,"ACCSP","Commercial"
"167680","BASS, STRIPED","Morone saxatilis","Middle Atlantic","MARYLAND",2018,1760112.5,6021992.14,NA,"ACCSP","Commercial"
"167680","BASS, STRIPED","Morone saxatilis","Middle Atlantic","MARYLAND",2019,1747498.5,6014912.92,NA,"ACCSP","Commercial"
"167680","BASS, STRIPED","Morone saxatilis","Middle Atlantic","MARYLAND",2020,1589350.35,5306330.7905,NA,"ACCSP","Commercial"
"167680","BASS, STRIPED","Morone saxatilis","Middle Atlantic","MARYLAND",2021,1610799.6,5741551.428,NA,"ACCSP","Commercial"
"167680","BASS, STRIPED","Morone saxatilis","Middle Atlantic","MARYLAND",2022,1601069.9,5585037.359,NA,"ACCSP","Commercial"
"167680","BASS, STRIPED","Morone saxatilis","Middle Atlantic","MARYLAND",2023,1705809.45,6041100.319,NA,"ACCSP","Commercial"
"167680","BASS, STRIPED","Morone saxatilis","Middle Atlantic","NEW YORK",2007,731367.25,1528557.5525,NA,"ACCSP","Commercial"
"167680","BASS, STRIPED","Morone saxatilis","Middle Atlantic","NEW YORK",2008,653100.21,1637457.3552,NA,"ACCSP","Commercial"
"167680","BASS, STRIPED","Morone saxatilis","Middle Atlantic","NEW YORK",2009,747047.46,1709413.9184,NA,"ACCSP","Commercial"
"167680","BASS, STRIPED","Morone saxatilis","Middle Atlantic","NEW YORK",2010,747481.7,1845627.6984,NA,"ACCSP","Commercial"
"167680","BASS, STRIPED","Morone saxatilis","Middle Atlantic","NEW YORK",2011,855270.97,2137681.566,NA,"ACCSP","Commercial"
"167680","BASS, STRIPED","Morone saxatilis","Middle Atlantic","NEW YORK",2012,682052.53,1677876.46,NA,"ACCSP","Commercial"
"167680","BASS, STRIPED","Morone saxatilis","Middle Atlantic","NEW YORK",2013,823800.37,3393837.9872,NA,"ACCSP","Commercial"
"167680","BASS, STRIPED","Morone saxatilis","Middle Atlantic","NEW YORK",2014,530285.94,1575050.0104,NA,"ACCSP","Commercial"
"167680","BASS, STRIPED","Morone saxatilis","Middle Atlantic","NEW YORK",2015,516705.33,1632976.5,NA,"ACCSP","Commercial"
"167680","BASS, STRIPED","Morone saxatilis","Middle Atlantic","NEW YORK",2016,561374.24,2284728.06,NA,"ACCSP","Commercial"
"167680","BASS, STRIPED","Morone saxatilis","Middle Atlantic","NEW YORK",2017,689482.55,2475407.88,NA,"ACCSP","Commercial"
"167680","BASS, STRIPED","Morone saxatilis","Middle Atlantic","NEW YORK",2018,237586.5,717511.27,NA,"ACCSP","Commercial"
"167680","BASS, STRIPED","Morone saxatilis","Middle Atlantic","NEW YORK",2019,153322.71,527430.13,NA,"ACCSP","Commercial"
"167680","BASS, STRIPED","Morone saxatilis","Middle Atlantic","NEW YORK",2020,193000.37,648481.25,NA,"ACCSP","Commercial"
"167680","BASS, STRIPED","Morone saxatilis","Middle Atlantic","NEW YORK",2021,204447.86,787760.07,NA,"ACCSP","Commercial"
"167680","BASS, STRIPED","Morone saxatilis","Middle Atlantic","NEW YORK",2022,305706.22,1112605.81,NA,"ACCSP","Commercial"
"167680","BASS, STRIPED","Morone saxatilis","Middle Atlantic","NEW YORK",2023,223583.8,827117.84,NA,"ACCSP","Commercial"
"167680","BASS, STRIPED","Morone saxatilis","Middle Atlantic","VIRGINIA",2007,1961616.25,3831045.78,NA,"ACCSP","Commercial"
"167680","BASS, STRIPED","Morone saxatilis","Middle Atlantic","VIRGINIA",2008,2195557.5,3378423.99,NA,"ACCSP","Commercial"
"167680","BASS, STRIPED","Morone saxatilis","Middle Atlantic","VIRGINIA",2009,2108680.3,4219370.34,NA,"ACCSP","Commercial"
"167680","BASS, STRIPED","Morone saxatilis","Middle Atlantic","VIRGINIA",2010,2138856.35,3634962.14,NA,"ACCSP","Commercial"
"167680","BASS, STRIPED","Morone saxatilis","Middle Atlantic","VIRGINIA",2011,2077131.87,4496774.94,NA,"ACCSP","Commercial"
"167680","BASS, STRIPED","Morone saxatilis","Middle Atlantic","VIRGINIA",2012,2175380.38,5542026.6,NA,"ACCSP","Commercial"
"167680","BASS, STRIPED","Morone saxatilis","Middle Atlantic","VIRGINIA",2013,1680070.27,5701496.58,NA,"ACCSP","Commercial"
"167680","BASS, STRIPED","Morone saxatilis","Middle Atlantic","VIRGINIA",2014,1994778.43,6389845.57,NA,"ACCSP","Commercial"
"167680","BASS, STRIPED","Morone saxatilis","Middle Atlantic","VIRGINIA",2015,1331384.16,4362999.93,NA,"ACCSP","Commercial"
"167680","BASS, STRIPED","Morone saxatilis","Middle Atlantic","VIRGINIA",2016,1240755.41,4663757.32,NA,"ACCSP","Commercial"
"167680","BASS, STRIPED","Morone saxatilis","Middle Atlantic","VIRGINIA",2017,1082403.2,5911680.23,NA,"ACCSP","Commercial"
"167680","BASS, STRIPED","Morone saxatilis","Middle Atlantic","VIRGINIA",2018,1276998.39,5993973.23,NA,"ACCSP","Commercial"
"167680","BASS, STRIPED","Morone saxatilis","Middle Atlantic","VIRGINIA",2019,1389038.5,4580941.196,NA,"ACCSP","Commercial"
"167680","BASS, STRIPED","Morone saxatilis","Middle Atlantic","VIRGINIA",2020,924115.55,3132284.089,NA,"ACCSP","Commercial"
"167680","BASS, STRIPED","Morone saxatilis","Middle Atlantic","VIRGINIA",2021,1123353,3791480.78,NA,"ACCSP","Commercial"
"167680","BASS, STRIPED","Morone saxatilis","Middle Atlantic","VIRGINIA",2022,1102621.76,3646245.148,NA,"ACCSP","Commercial"
"167680","BASS, STRIPED","Morone saxatilis","Middle Atlantic","VIRGINIA",2023,1179060.02,4007636.306,NA,"ACCSP","Commercial"
"167680","BASS, STRIPED","Morone saxatilis","Middle Atlantic","NEW JERSEY",2008,0,NA,NA,"ACCSP","Commercial"
"167680","BASS, STRIPED","Morone saxatilis","Middle Atlantic","NEW JERSEY",2011,0,NA,NA,"ACCSP","Commercial"
"167680","BASS, STRIPED","Morone saxatilis","Middle Atlantic","NEW JERSEY",2012,0,NA,NA,"ACCSP","Commercial"
"167680","BASS, STRIPED","Morone saxatilis","Middle Atlantic","NEW JERSEY",2013,0,NA,NA,"ACCSP","Commercial"
"167680","BASS, STRIPED","Morone saxatilis","Middle Atlantic","NEW JERSEY",2014,0,NA,NA,"ACCSP","Commercial"
"167680","BASS, STRIPED","Morone saxatilis","Middle Atlantic","NEW JERSEY",2015,0,NA,NA,"ACCSP","Commercial"
"167680","BASS, STRIPED","Morone saxatilis","Middle Atlantic","NEW JERSEY",2016,0,NA,NA,"ACCSP","Commercial"
"167680","BASS, STRIPED",NA,"Middle Atlantic","NEW JERSEY",2011,15714984,NA,1038894,"MRIP","Recreational"
"167680","BASS, STRIPED",NA,"Middle Atlantic","NEW JERSEY",2012,11550733,NA,742420,"MRIP","Recreational"
"167680","BASS, STRIPED",NA,"Middle Atlantic","NEW JERSEY",2013,19451626,NA,1324245,"MRIP","Recreational"
"167680","BASS, STRIPED",NA,"Middle Atlantic","NEW JERSEY",2014,8886184,NA,501949,"MRIP","Recreational"
"167680","BASS, STRIPED",NA,"Middle Atlantic","NEW JERSEY",2015,9981799,NA,600269,"MRIP","Recreational"
"167680","BASS, STRIPED",NA,"Middle Atlantic","NEW JERSEY",2016,12790448,NA,659574,"MRIP","Recreational"
"167680","BASS, STRIPED",NA,"Middle Atlantic","NEW JERSEY",2017,10885869,NA,626386,"MRIP","Recreational"
"167680","BASS, STRIPED",NA,"Middle Atlantic","NEW JERSEY",2018,7012359,NA,465289,"MRIP","Recreational"
"167680","BASS, STRIPED",NA,"Middle Atlantic","NEW JERSEY",2019,6674370,NA,412861,"MRIP","Recreational"
"167680","BASS, STRIPED",NA,"Middle Atlantic","NEW JERSEY",2020,6584450,NA,520121,"MRIP","Recreational"
"167680","BASS, STRIPED",NA,"Middle Atlantic","NEW JERSEY",2021,8313152,NA,766222,"MRIP","Recreational"
"167680","BASS, STRIPED",NA,"Middle Atlantic","NEW JERSEY",2022,13508574,NA,1126487,"MRIP","Recreational"
"167680","BASS, STRIPED",NA,"Middle Atlantic","NEW JERSEY",2023,10730233,NA,959300,"MRIP","Recreational"
"167680","BASS, STRIPED",NA,"Middle Atlantic","DELAWARE",2000,924763,NA,88296,"MRIP","Recreational"
"167680","BASS, STRIPED",NA,"Middle Atlantic","DELAWARE",1983,822,NA,3732,"MRIP","Recreational"
"167680","BASS, STRIPED",NA,"Middle Atlantic","DELAWARE",1984,165603,NA,33525,"MRIP","Recreational"
"167680","BASS, STRIPED",NA,"Middle Atlantic","DELAWARE",1990,25642,NA,2723,"MRIP","Recreational"
"167680","BASS, STRIPED",NA,"Middle Atlantic","DELAWARE",1991,133629,NA,9853,"MRIP","Recreational"
"167680","BASS, STRIPED",NA,"Middle Atlantic","DELAWARE",1992,90057,NA,7594,"MRIP","Recreational"
"167680","BASS, STRIPED",NA,"Middle Atlantic","DELAWARE",1993,284205,NA,19222,"MRIP","Recreational"
"167680","BASS, STRIPED",NA,"Middle Atlantic","DELAWARE",1994,133640,NA,8373,"MRIP","Recreational"
"167680","BASS, STRIPED",NA,"Middle Atlantic","DELAWARE",1995,301235,NA,25751,"MRIP","Recreational"
"167680","BASS, STRIPED",NA,"Middle Atlantic","DELAWARE",1996,795184,NA,59720,"MRIP","Recreational"
"167680","BASS, STRIPED",NA,"Middle Atlantic","DELAWARE",1997,373556,NA,29050,"MRIP","Recreational"
"167680","BASS, STRIPED",NA,"Middle Atlantic","DELAWARE",1998,645144,NA,51001,"MRIP","Recreational"
"167680","BASS, STRIPED",NA,"Middle Atlantic","DELAWARE",1999,311782,NA,28328,"MRIP","Recreational"
"167680","BASS, STRIPED",NA,"Middle Atlantic","DELAWARE",2001,695028,NA,70583,"MRIP","Recreational"
"167680","BASS, STRIPED",NA,"Middle Atlantic","DELAWARE",2002,588996,NA,65712,"MRIP","Recreational"
"167680","BASS, STRIPED",NA,"Middle Atlantic","DELAWARE",2003,763435,NA,75698,"MRIP","Recreational"
"167680","BASS, STRIPED",NA,"Middle Atlantic","DELAWARE",2004,869890,NA,66567,"MRIP","Recreational"
"167680","BASS, STRIPED",NA,"Middle Atlantic","DELAWARE",2005,680468,NA,48815,"MRIP","Recreational"
"167680","BASS, STRIPED",NA,"Middle Atlantic","DELAWARE",2006,585991,NA,44453,"MRIP","Recreational"
"167680","BASS, STRIPED",NA,"Middle Atlantic","DELAWARE",2007,206514,NA,17171,"MRIP","Recreational"
"167680","BASS, STRIPED",NA,"Middle Atlantic","DELAWARE",2008,847233,NA,67708,"MRIP","Recreational"
"167680","BASS, STRIPED",NA,"Middle Atlantic","DELAWARE",2009,940144,NA,64776,"MRIP","Recreational"
"167680","BASS, STRIPED",NA,"Middle Atlantic","DELAWARE",2010,895029,NA,61374,"MRIP","Recreational"
"167680","BASS, STRIPED",NA,"Middle Atlantic","DELAWARE",2011,604640,NA,43662,"MRIP","Recreational"
"167680","BASS, STRIPED",NA,"Middle Atlantic","DELAWARE",2012,643585,NA,51320,"MRIP","Recreational"
"167680","BASS, STRIPED",NA,"Middle Atlantic","DELAWARE",2013,1073403,NA,70635,"MRIP","Recreational"
"167680","BASS, STRIPED",NA,"Middle Atlantic","DELAWARE",2014,381442,NA,26171,"MRIP","Recreational"
"167680","BASS, STRIPED",NA,"Middle Atlantic","DELAWARE",2015,339849,NA,41895,"MRIP","Recreational"
"167680","BASS, STRIPED",NA,"Middle Atlantic","DELAWARE",2016,86128,NA,5892,"MRIP","Recreational"
"167680","BASS, STRIPED",NA,"Middle Atlantic","DELAWARE",2017,665845,NA,27786,"MRIP","Recreational"
"167680","BASS, STRIPED",NA,"Middle Atlantic","DELAWARE",2018,32624,NA,4174,"MRIP","Recreational"
"167680","BASS, STRIPED",NA,"Middle Atlantic","DELAWARE",2019,43603,NA,10891,"MRIP","Recreational"
"167680","BASS, STRIPED",NA,"Middle Atlantic","DELAWARE",2020,15629,NA,1636,"MRIP","Recreational"
"167680","BASS, STRIPED",NA,"Middle Atlantic","DELAWARE",2021,132236,NA,9496,"MRIP","Recreational"
"167680","BASS, STRIPED",NA,"Middle Atlantic","DELAWARE",2022,39344,NA,4001,"MRIP","Recreational"
"167680","BASS, STRIPED",NA,"Middle Atlantic","MARYLAND",2000,3503023,NA,810883,"MRIP","Recreational"
"167680","BASS, STRIPED",NA,"Middle Atlantic","MARYLAND",1981,1478269,NA,406631,"MRIP","Recreational"
"167680","BASS, STRIPED",NA,"Middle Atlantic","MARYLAND",1982,2026,NA,1418,"MRIP","Recreational"
"167680","BASS, STRIPED",NA,"Middle Atlantic","MARYLAND",1983,300541,NA,88558,"MRIP","Recreational"
"167680","BASS, STRIPED",NA,"Middle Atlantic","MARYLAND",1984,204552,NA,63904,"MRIP","Recreational"
"167680","BASS, STRIPED",NA,"Middle Atlantic","MARYLAND",1985,29227,NA,10315,"MRIP","Recreational"
"167680","BASS, STRIPED",NA,"Middle Atlantic","MARYLAND",1986,11541,NA,49634,"MRIP","Recreational"
"167680","BASS, STRIPED",NA,"Middle Atlantic","MARYLAND",1987,17306,NA,2639,"MRIP","Recreational"
"167680","BASS, STRIPED",NA,"Middle Atlantic","MARYLAND",1988,7877,NA,7145,"MRIP","Recreational"
"167680","BASS, STRIPED",NA,"Middle Atlantic","MARYLAND",1990,6069,NA,1522,"MRIP","Recreational"
"167680","BASS, STRIPED",NA,"Middle Atlantic","MARYLAND",1991,718024,NA,117890,"MRIP","Recreational"
"167680","BASS, STRIPED",NA,"Middle Atlantic","MARYLAND",1992,1182007,NA,177912,"MRIP","Recreational"
"167680","BASS, STRIPED",NA,"Middle Atlantic","MARYLAND",1993,857656,NA,113611,"MRIP","Recreational"
"167680","BASS, STRIPED",NA,"Middle Atlantic","MARYLAND",1994,1442578,NA,228673,"MRIP","Recreational"
"167680","BASS, STRIPED",NA,"Middle Atlantic","MARYLAND",1995,3115295,NA,491182,"MRIP","Recreational"
"167680","BASS, STRIPED",NA,"Middle Atlantic","MARYLAND",1996,2788678,NA,564192,"MRIP","Recreational"
"167680","BASS, STRIPED",NA,"Middle Atlantic","MARYLAND",1997,3202581,NA,552444,"MRIP","Recreational"
"167680","BASS, STRIPED",NA,"Middle Atlantic","MARYLAND",1998,3602841,NA,620501,"MRIP","Recreational"
"167680","BASS, STRIPED",NA,"Middle Atlantic","MARYLAND",1999,2326357,NA,532508,"MRIP","Recreational"
"167680","BASS, STRIPED",NA,"Middle Atlantic","MARYLAND",2001,3241984,NA,577350,"MRIP","Recreational"
"167680","BASS, STRIPED",NA,"Middle Atlantic","MARYLAND",2002,2643411,NA,464443,"MRIP","Recreational"
"167680","BASS, STRIPED",NA,"Middle Atlantic","MARYLAND",2003,5260582,NA,816848,"MRIP","Recreational"
"167680","BASS, STRIPED",NA,"Middle Atlantic","MARYLAND",2004,4917593,NA,668512,"MRIP","Recreational"
"167680","BASS, STRIPED",NA,"Middle Atlantic","MARYLAND",2005,7761140,NA,819052,"MRIP","Recreational"
"167680","BASS, STRIPED",NA,"Middle Atlantic","MARYLAND",2006,6496797,NA,1342324,"MRIP","Recreational"
"167680","BASS, STRIPED",NA,"Middle Atlantic","MARYLAND",2007,5249442,NA,1127310,"MRIP","Recreational"
"167680","BASS, STRIPED",NA,"Middle Atlantic","MARYLAND",2008,5638746,NA,779700,"MRIP","Recreational"
"167680","BASS, STRIPED",NA,"Middle Atlantic","MARYLAND",2009,8810638,NA,1104647,"MRIP","Recreational"
"167680","BASS, STRIPED",NA,"Middle Atlantic","MARYLAND",2010,6588756,NA,1151823,"MRIP","Recreational"
"167680","BASS, STRIPED",NA,"Middle Atlantic","MARYLAND",2011,6228908,NA,1112976,"MRIP","Recreational"
"167680","BASS, STRIPED",NA,"Middle Atlantic","MARYLAND",2012,3839838,NA,719622,"MRIP","Recreational"
"167680","BASS, STRIPED",NA,"Middle Atlantic","MARYLAND",2013,6188504,NA,1185023,"MRIP","Recreational"
"167680","BASS, STRIPED",NA,"Middle Atlantic","MARYLAND",2014,9035484,NA,1639631,"MRIP","Recreational"
"167680","BASS, STRIPED",NA,"Middle Atlantic","MARYLAND",2015,7813412,NA,1111502,"MRIP","Recreational"
"167680","BASS, STRIPED",NA,"Middle Atlantic","MARYLAND",2016,10919265,NA,1545586,"MRIP","Recreational"
"167680","BASS, STRIPED",NA,"Middle Atlantic","MARYLAND",2017,7308850,NA,1091614,"MRIP","Recreational"
"167680","BASS, STRIPED",NA,"Middle Atlantic","MARYLAND",2018,4683467,NA,993304,"MRIP","Recreational"
"167680","BASS, STRIPED",NA,"Middle Atlantic","MARYLAND",2019,3152849,NA,765170,"MRIP","Recreational"
"167680","BASS, STRIPED",NA,"Middle Atlantic","MARYLAND",2020,3479733,NA,734808,"MRIP","Recreational"
"167680","BASS, STRIPED",NA,"Middle Atlantic","MARYLAND",2021,2681573,NA,583701,"MRIP","Recreational"
"167680","BASS, STRIPED",NA,"Middle Atlantic","MARYLAND",2022,3083037,NA,642195,"MRIP","Recreational"
"167680","BASS, STRIPED",NA,"Middle Atlantic","MARYLAND",2023,2225817,NA,505341,"MRIP","Recreational"
"167680","BASS, STRIPED",NA,"Middle Atlantic","NEW YORK",2000,7053489,NA,494552,"MRIP","Recreational"
"167680","BASS, STRIPED",NA,"Middle Atlantic","NEW YORK",1981,1187364,NA,152001,"MRIP","Recreational"
"167680","BASS, STRIPED",NA,"Middle Atlantic","NEW YORK",1982,418063,NA,69071,"MRIP","Recreational"
"167680","BASS, STRIPED",NA,"Middle Atlantic","NEW YORK",1983,613207,NA,168372,"MRIP","Recreational"
"167680","BASS, STRIPED",NA,"Middle Atlantic","NEW YORK",1984,1305281,NA,86513,"MRIP","Recreational"
"167680","BASS, STRIPED",NA,"Middle Atlantic","NEW YORK",1985,475156,NA,31577,"MRIP","Recreational"
"167680","BASS, STRIPED",NA,"Middle Atlantic","NEW YORK",1986,104700,NA,78338,"MRIP","Recreational"
"167680","BASS, STRIPED",NA,"Middle Atlantic","NEW YORK",1987,767002,NA,31283,"MRIP","Recreational"
"167680","BASS, STRIPED",NA,"Middle Atlantic","NEW YORK",1988,536482,NA,29704,"MRIP","Recreational"
"167680","BASS, STRIPED",NA,"Middle Atlantic","NEW YORK",1989,1375908,NA,62204,"MRIP","Recreational"
"167680","BASS, STRIPED",NA,"Middle Atlantic","NEW YORK",1990,1652653,NA,67998,"MRIP","Recreational"
"167680","BASS, STRIPED",NA,"Middle Atlantic","NEW YORK",1991,4220758,NA,203104,"MRIP","Recreational"
"167680","BASS, STRIPED",NA,"Middle Atlantic","NEW YORK",1992,1691057,NA,76700,"MRIP","Recreational"
"167680","BASS, STRIPED",NA,"Middle Atlantic","NEW YORK",1993,2882945,NA,140472,"MRIP","Recreational"
"167680","BASS, STRIPED",NA,"Middle Atlantic","NEW YORK",1994,4999744,NA,200322,"MRIP","Recreational"
"167680","BASS, STRIPED",NA,"Middle Atlantic","NEW YORK",1995,5594058,NA,250266,"MRIP","Recreational"
"167680","BASS, STRIPED",NA,"Middle Atlantic","NEW YORK",1996,10738648,NA,511610,"MRIP","Recreational"
"167680","BASS, STRIPED",NA,"Middle Atlantic","NEW YORK",1997,8543475,NA,450464,"MRIP","Recreational"
"167680","BASS, STRIPED",NA,"Middle Atlantic","NEW YORK",1998,4889425,NA,383847,"MRIP","Recreational"
"167680","BASS, STRIPED",NA,"Middle Atlantic","NEW YORK",1999,7414395,NA,450928,"MRIP","Recreational"
"167680","BASS, STRIPED",NA,"Middle Atlantic","NEW YORK",2001,5058081,NA,364152,"MRIP","Recreational"
"167680","BASS, STRIPED",NA,"Middle Atlantic","NEW YORK",2002,5974909,NA,439271,"MRIP","Recreational"
"167680","BASS, STRIPED",NA,"Middle Atlantic","NEW YORK",2003,10787679,NA,678437,"MRIP","Recreational"
"167680","BASS, STRIPED",NA,"Middle Atlantic","NEW YORK",2004,6437497,NA,458148,"MRIP","Recreational"
"167680","BASS, STRIPED",NA,"Middle Atlantic","NEW YORK",2005,11637447,NA,854633,"MRIP","Recreational"
"167680","BASS, STRIPED",NA,"Middle Atlantic","NEW YORK",2006,9844991,NA,614759,"MRIP","Recreational"
"167680","BASS, STRIPED",NA,"Middle Atlantic","NEW YORK",2007,10081194,NA,602845,"MRIP","Recreational"
"167680","BASS, STRIPED",NA,"Middle Atlantic","NEW YORK",2008,18000620,NA,1169855,"MRIP","Recreational"
"167680","BASS, STRIPED",NA,"Middle Atlantic","NEW YORK",2009,7991331,NA,574188,"MRIP","Recreational"
"167680","BASS, STRIPED",NA,"Middle Atlantic","NEW YORK",2010,18190645,NA,1449043,"MRIP","Recreational"
"167680","BASS, STRIPED",NA,"Middle Atlantic","NEW YORK",2011,13150697,NA,1005255,"MRIP","Recreational"
"167680","BASS, STRIPED",NA,"Middle Atlantic","NEW YORK",2012,13096287,NA,927503,"MRIP","Recreational"
"167680","BASS, STRIPED",NA,"Middle Atlantic","NEW YORK",2013,16819419,NA,902452,"MRIP","Recreational"
"167680","BASS, STRIPED",NA,"Middle Atlantic","NEW YORK",2014,13998256,NA,804490,"MRIP","Recreational"
"167680","BASS, STRIPED",NA,"Middle Atlantic","NEW YORK",2015,8695416,NA,406786,"MRIP","Recreational"
"167680","BASS, STRIPED",NA,"Middle Atlantic","NEW YORK",2016,12053015,NA,697675,"MRIP","Recreational"
"167680","BASS, STRIPED",NA,"Middle Atlantic","NEW YORK",2017,8885296,NA,477260,"MRIP","Recreational"
"167680","BASS, STRIPED",NA,"Middle Atlantic","NEW YORK",2018,3453502,NA,181681,"MRIP","Recreational"
"167680","BASS, STRIPED",NA,"Middle Atlantic","NEW YORK",2019,7072422,NA,498004,"MRIP","Recreational"
"167680","BASS, STRIPED",NA,"Middle Atlantic","NEW YORK",2020,2201913,NA,203688,"MRIP","Recreational"
"167680","BASS, STRIPED",NA,"Middle Atlantic","NEW YORK",2021,1492077,NA,137760,"MRIP","Recreational"
"167680","BASS, STRIPED",NA,"Middle Atlantic","NEW YORK",2022,10695034,NA,882900,"MRIP","Recreational"
"167680","BASS, STRIPED",NA,"Middle Atlantic","NEW YORK",2023,5171482,NA,500368,"MRIP","Recreational"
"167680","BASS, STRIPED",NA,"Middle Atlantic","VIRGINIA",2000,4308251,NA,820576,"MRIP","Recreational"
"167680","BASS, STRIPED",NA,"Middle Atlantic","VIRGINIA",1985,1157,NA,2627,"MRIP","Recreational"
"167680","BASS, STRIPED",NA,"Middle Atlantic","VIRGINIA",1986,15095,NA,1972,"MRIP","Recreational"
"167680","BASS, STRIPED",NA,"Middle Atlantic","VIRGINIA",1987,16581,NA,18802,"MRIP","Recreational"
"167680","BASS, STRIPED",NA,"Middle Atlantic","VIRGINIA",1988,28001,NA,3635,"MRIP","Recreational"
"167680","BASS, STRIPED",NA,"Middle Atlantic","VIRGINIA",1990,3135428,NA,342591,"MRIP","Recreational"
"167680","BASS, STRIPED",NA,"Middle Atlantic","VIRGINIA",1991,2094697,NA,248700,"MRIP","Recreational"
"167680","BASS, STRIPED",NA,"Middle Atlantic","VIRGINIA",1992,1566509,NA,174448,"MRIP","Recreational"
"167680","BASS, STRIPED",NA,"Middle Atlantic","VIRGINIA",1993,1674432,NA,228922,"MRIP","Recreational"
"167680","BASS, STRIPED",NA,"Middle Atlantic","VIRGINIA",1994,2497928,NA,332059,"MRIP","Recreational"
"167680","BASS, STRIPED",NA,"Middle Atlantic","VIRGINIA",1995,3914205,NA,550103,"MRIP","Recreational"
"167680","BASS, STRIPED",NA,"Middle Atlantic","VIRGINIA",1996,3659741,NA,650851,"MRIP","Recreational"
"167680","BASS, STRIPED",NA,"Middle Atlantic","VIRGINIA",1997,5299015,NA,799502,"MRIP","Recreational"
"167680","BASS, STRIPED",NA,"Middle Atlantic","VIRGINIA",1998,4371175,NA,743441,"MRIP","Recreational"
"167680","BASS, STRIPED",NA,"Middle Atlantic","VIRGINIA",1999,5096821,NA,848894,"MRIP","Recreational"
"167680","BASS, STRIPED",NA,"Middle Atlantic","VIRGINIA",2001,5758627,NA,817815,"MRIP","Recreational"
"167680","BASS, STRIPED",NA,"Middle Atlantic","VIRGINIA",2002,6697733,NA,860989,"MRIP","Recreational"
"167680","BASS, STRIPED",NA,"Middle Atlantic","VIRGINIA",2003,6355542,NA,870879,"MRIP","Recreational"
"167680","BASS, STRIPED",NA,"Middle Atlantic","VIRGINIA",2004,6007998,NA,893302,"MRIP","Recreational"
"167680","BASS, STRIPED",NA,"Middle Atlantic","VIRGINIA",2005,4347753,NA,517320,"MRIP","Recreational"
"167680","BASS, STRIPED",NA,"Middle Atlantic","VIRGINIA",2006,5992147,NA,833543,"MRIP","Recreational"
"167680","BASS, STRIPED",NA,"Middle Atlantic","VIRGINIA",2007,4543663,NA,518275,"MRIP","Recreational"
"167680","BASS, STRIPED",NA,"Middle Atlantic","VIRGINIA",2008,6566734,NA,670543,"MRIP","Recreational"
"167680","BASS, STRIPED",NA,"Middle Atlantic","VIRGINIA",2009,5387844,NA,711164,"MRIP","Recreational"
"167680","BASS, STRIPED",NA,"Middle Atlantic","VIRGINIA",2010,2265302,NA,368584,"MRIP","Recreational"
"167680","BASS, STRIPED",NA,"Middle Atlantic","VIRGINIA",2011,2522725,NA,328404,"MRIP","Recreational"
"167680","BASS, STRIPED",NA,"Middle Atlantic","VIRGINIA",2012,4671293,NA,258376,"MRIP","Recreational"
"167680","BASS, STRIPED",NA,"Middle Atlantic","VIRGINIA",2013,2674540,NA,302316,"MRIP","Recreational"
"167680","BASS, STRIPED",NA,"Middle Atlantic","VIRGINIA",2014,988774,NA,131231,"MRIP","Recreational"
"167680","BASS, STRIPED",NA,"Middle Atlantic","VIRGINIA",2015,957094,NA,207666,"MRIP","Recreational"
"167680","BASS, STRIPED",NA,"Middle Atlantic","VIRGINIA",2016,1024390,NA,138142,"MRIP","Recreational"
"167680","BASS, STRIPED",NA,"Middle Atlantic","VIRGINIA",2017,615079,NA,108090,"MRIP","Recreational"
"167680","BASS, STRIPED",NA,"Middle Atlantic","VIRGINIA",2018,404006,NA,56821,"MRIP","Recreational"
"167680","BASS, STRIPED",NA,"Middle Atlantic","VIRGINIA",2019,224080,NA,44569,"MRIP","Recreational"
"167680","BASS, STRIPED",NA,"Middle Atlantic","VIRGINIA",2020,279604,NA,52222,"MRIP","Recreational"
"167680","BASS, STRIPED",NA,"Middle Atlantic","VIRGINIA",2021,413951,NA,69595,"MRIP","Recreational"
"167680","BASS, STRIPED",NA,"Middle Atlantic","VIRGINIA",2022,282789,NA,54977,"MRIP","Recreational"
"167680","BASS, STRIPED",NA,"Middle Atlantic","VIRGINIA",2023,457552,NA,86033,"MRIP","Recreational"
"167680","BASS, STRIPED",NA,"Middle Atlantic","NEW JERSEY",2000,9768197,NA,939771,"MRIP","Recreational"
"167680","BASS, STRIPED",NA,"Middle Atlantic","NEW JERSEY",1981,341836,NA,76518,"MRIP","Recreational"
"167680","BASS, STRIPED",NA,"Middle Atlantic","NEW JERSEY",1982,65777,NA,12444,"MRIP","Recreational"
"167680","BASS, STRIPED",NA,"Middle Atlantic","NEW JERSEY",1983,3163568,NA,242893,"MRIP","Recreational"
"167680","BASS, STRIPED",NA,"Middle Atlantic","NEW JERSEY",1984,615652,NA,53831,"MRIP","Recreational"
"167680","BASS, STRIPED",NA,"Middle Atlantic","NEW JERSEY",1985,997471,NA,80923,"MRIP","Recreational"
"167680","BASS, STRIPED",NA,"Middle Atlantic","NEW JERSEY",1986,1854506,NA,83310,"MRIP","Recreational"
"167680","BASS, STRIPED",NA,"Middle Atlantic","NEW JERSEY",1987,263644,NA,15332,"MRIP","Recreational"
"167680","BASS, STRIPED",NA,"Middle Atlantic","NEW JERSEY",1988,857742,NA,43566,"MRIP","Recreational"
"167680","BASS, STRIPED",NA,"Middle Atlantic","NEW JERSEY",1989,584514,NA,30113,"MRIP","Recreational"
"167680","BASS, STRIPED",NA,"Middle Atlantic","NEW JERSEY",1990,2531204,NA,123039,"MRIP","Recreational"
"167680","BASS, STRIPED",NA,"Middle Atlantic","NEW JERSEY",1991,2047089,NA,131106,"MRIP","Recreational"
"167680","BASS, STRIPED",NA,"Middle Atlantic","NEW JERSEY",1992,2189554,NA,134556,"MRIP","Recreational"
"167680","BASS, STRIPED",NA,"Middle Atlantic","NEW JERSEY",1993,1360304,NA,100924,"MRIP","Recreational"
"167680","BASS, STRIPED",NA,"Middle Atlantic","NEW JERSEY",1994,947091,NA,67142,"MRIP","Recreational"
"167680","BASS, STRIPED",NA,"Middle Atlantic","NEW JERSEY",1995,8587480,NA,671400,"MRIP","Recreational"
"167680","BASS, STRIPED",NA,"Middle Atlantic","NEW JERSEY",1996,3959378,NA,301235,"MRIP","Recreational"
"167680","BASS, STRIPED",NA,"Middle Atlantic","NEW JERSEY",1997,2179247,NA,171173,"MRIP","Recreational"
"167680","BASS, STRIPED",NA,"Middle Atlantic","NEW JERSEY",1998,4182148,NA,289197,"MRIP","Recreational"
"167680","BASS, STRIPED",NA,"Middle Atlantic","NEW JERSEY",1999,9473287,NA,657134,"MRIP","Recreational"
"167680","BASS, STRIPED",NA,"Middle Atlantic","NEW JERSEY",2001,12314428,NA,1267491,"MRIP","Recreational"
"167680","BASS, STRIPED",NA,"Middle Atlantic","NEW JERSEY",2002,9620787,NA,957600,"MRIP","Recreational"
"167680","BASS, STRIPED",NA,"Middle Atlantic","NEW JERSEY",2003,12066095,NA,942758,"MRIP","Recreational"
"167680","BASS, STRIPED",NA,"Middle Atlantic","NEW JERSEY",2004,13302752,NA,1042093,"MRIP","Recreational"
"167680","BASS, STRIPED",NA,"Middle Atlantic","NEW JERSEY",2005,14288841,NA,958051,"MRIP","Recreational"
"167680","BASS, STRIPED",NA,"Middle Atlantic","NEW JERSEY",2006,12715959,NA,972248,"MRIP","Recreational"
"167680","BASS, STRIPED",NA,"Middle Atlantic","NEW JERSEY",2007,8389861,NA,722166,"MRIP","Recreational"
"167680","BASS, STRIPED",NA,"Middle Atlantic","NEW JERSEY",2008,12406683,NA,791013,"MRIP","Recreational"
"167680","BASS, STRIPED",NA,"Middle Atlantic","NEW JERSEY",2009,17039873,NA,1141495,"MRIP","Recreational"
"167680","BASS, STRIPED",NA,"Middle Atlantic","NEW JERSEY",2010,17454682,NA,1091368,"MRIP","Recreational"
